0.415,0.446,1
0.47,0.007,1
0.784,0.5,0
0.406,0.451,0
0.466,0.452,1
0.607,0.545,0
0.039,0.275,0
0.707,0.47,0
0.482,0.381,0
0.491,0.035,0
0.007,0.148,1
0.043,0.198,1
0.641,0.003,1
0.518,0.049,1
0.454,0.371,1
0.781,0.426,1
0.01,0.192,1
0.46,0.07,0
0.046,0.1,1
0.478,0.013,0
0.426,0.393,1
0.502,0.332,0
0.634,0.343,0
0.482,0.549,1
0.555,0.085,0
0.077,0.164,0
0.561,0.043,1
0.044,0.282,0
0.472,0.449,0
0.409,0.054,1
0.724,0.364,1
0.578,0.03,0
0.423,0.151,1
0.629,0.031,0
0.52,0.085,1
0.421,0.081,0
0.437,0.369,1
0.685,0.424,1
0.49,0.46,1
0.558,0.464,0
0.602,0.032,1
0.511,0.048,1
0.778,0.568,0
0.411,0.357,1
0.843,0.47,1
0.066,0.087,0
0.023,0.199,1
0.799,0.552,1
0.469,0.111,1
0.544,0.003,0
0.682,0.449,1
0.526,0.017,0
0.462,0.083,0
0.618,0.386,1
0.009,0.192,1
0.742,0.526,1
0.717,0.302,1
0.636,0.455,1
0.707,0.546,1
0.646,0.462,0
0.761,0.388,0
0.477,0.032,1
0.188,0.177,0
0.793,0.386,0
0.658,0.627,0
0.456,0.416,0
0.79,0.417,0
0.453,0.133,0
0.452,0.496,0
0.46,0.085,0
0.702,0.631,0
0.471,0.095,1
0.045,0.17,0
0.426,0.287,1
0.506,0.376,0
0.561,0.005,0
0.569,0.079,0
0.561,0.403,1
0.599,0.454,1
0.023,0.258,0
0.023,0.25,1
0.463,0.031,1
0.841,0.565,0
0.492,0.396,0
0.42,0.449,0
0.707,0.581,0
0.533,0.451,0
0.729,0.52,0
0.511,0.026,1
0.512,0.065,0
0.04,0.247,0
0.453,0.032,1
0.08,0.058,0
0.466,0.039,1
0.435,0.425,1
0.54,0.001,0
0.51,0.463,0
0.512,0.006,0
0.404,0.105,1
0.507,0.39,1
0.456,0.048,1
0.634,0.579,1
0.045,0.223,1
0.433,0.456,0
0.081,0.254,0
0.466,0.397,0
0.335,0.045,1
0.476,0.048,0
0.436,0.055,1
0.771,0.435,0
0.489,0.332,1
0.444,0.027,1
0.662,0.485,0
0.749,0.476,0
0.493,0.007,0
0.019,0.082,1
0.047,0.211,1
0.447,0.356,1
0.628,0.43,1
0.424,0.391,0
0.091,0.166,0
0.677,0.424,0
0.387,0.351,1
0.576,0.365,0
0.834,0.511,1
0.564,0.076,1
0.433,0.441,1
0.499,0.01,0
0.162,0.127,1
0.867,0.568,0
0.395,0.495,0
0.72,0.375,0
0.682,0.416,1
0.761,0.475,0
0.447,0.022,0
0.445,0.431,0
0.661,0.417,1
0.606,0.577,1
0.039,0.214,1
0.401,0.358,1
0.094,0.187,1
0.73,0.456,1
0.482,0.463,1
0.446,0.406,1
0.409,0.526,1
0.725,0.505,1
0.019,0.071,1
0.707,0.403,0
0.498,0.497,1
0.716,0.481,0
0.666,0.361,0
0.025,0.07,0
0.765,0.488,0
0.631,0.445,0
0.014,0.258,1
0.638,0.441,0
0.711,0.434,0
0.461,0.013,1
0.537,0.008,0
0.727,0.573,1
0.491,0.459,0
0.057,0.211,1
0.674,0.491,0
0.862,0.436,1
0.534,0.002,0
0.13,0.191,1
0.031,0.12,1
0.506,0.003,1
0.529,0.019,0
0.506,0.317,0
0.713,0.549,1
0.127,0.147,0
0.031,0.098,0
0.456,0.416,0
0.442,0.478,0
0.062,0.218,1
0.475,0.036,0
0.511,0.563,1
0.552,0.432,0
0.51,0.415,0
0.766,0.463,1
0.462,0.034,0
0.042,0.209,1
0.003,0.075,1
0.357,0.41,0
0.439,0.038,0
0.926,0.53,0
0.522,0.069,0
0.626,0.431,1
0.496,0.035,1
0.769,0.4,0
0.367,0.294,1
0.007,0.243,0
0.017,0.108,1
0.541,0.024,1
0.456,0.424,1
0.573,0.009,0
0.056,0.232,1
0.774,0.365,1
0.025,0.198,0
0.42,0.375,1
0.819,0.387,0
0.024,0.115,1
0.514,0.489,1
0.408,0.451,0
0.459,0.336,1
0.461,0.464,1
0.056,0.277,0
0.419,0.084,0
0.711,0.458,1
0.438,0.322,0
0.509,0.385,0
0.042,0.17,0
0.453,0.419,1
0.069,0.253,1
0.442,0.004,0
0.093,0.17,1
0.021,0.059,1
0.034,0.097,1
0.03,0.187,1
0.493,0.024,1
0.501,0.363,1
0.497,0.496,0
0.082,0.079,1
0.768,0.404,0
0.46,0.366,0
0.556,0.018,0
0.504,0.439,0
0.462,0.008,0
0.431,0.43,0
0.004,0.277,0
0.736,0.387,1
0.057,0.194,1
0.067,0.163,0
0.519,0.103,1
0.008,0.209,1
0.474,0.374,0
0.575,0.527,0
0.693,0.461,0
0.461,0.469,0
0.414,0.42,0
0.468,0.129,1
0.834,0.501,0
0.005,0.262,1
0.076,0.04,0
0.056,0.152,1
0.041,0.135,1
0.056,0.172,0
0.042,0.321,0
0.444,0.458,1
0.691,0.434,0
0.07,0.299,0
0.514,0.503,0
0.485,0.462,1
0.442,0.003,0
0.521,0.084,0
0.423,0.106,0
0.468,0.027,0
0.787,0.46,1
0.105,0.048,1
0.025,0.142,1
0.012,0.095,0
0.001,0.238,0
0.433,0.4,0
0.43,0.023,1
0.498,0.066,0
0.023,0.186,0
0.719,0.473,1
0.031,0.253,1
0.74,0.466,1
0.098,0.086,1
0.028,0.227,0
0.494,0.343,0
0.492,0.328,1
0.579,0.485,1
0.921,0.383,0
0.752,0.481,0
0.584,0.15,0
0.441,0.042,1
0.58,0.033,1
0.499,0.109,1
0.026,0.237,0
0.462,0.029,1
0.525,0.437,1
0.421,0.11,1
0.468,0.415,1
0.09,0.259,0
0.1,0.164,1
0.102,0.068,0
0.661,0.528,1
0.056,0.219,0
0.836,0.363,0
0.554,0.049,1
0.773,0.452,1
0.493,0.054,0
0.46,0.067,0
0.453,0.479,1
0.048,0.211,0
0.147,0.301,1
0.747,0.558,1
0.545,0.47,0
0.308,0.089,1
0.72,0.504,0
0.78,0.427,0
0.12,0.16,1
0.032,0.17,1
0.534,0.377,0
0.788,0.441,1
0.044,0.056,1
0.427,0.022,0
0.51,0.042,1
0.788,0.503,0
0.512,0.012,0
0.033,0.219,1
0.847,0.45,1
0.499,0.002,1
0.695,0.532,1
0.024,0.127,0
0.777,0.377,1
0.438,0.076,1
0.482,0.034,1
0.022,0.24,1
0.04,0.217,0
0.725,0.428,1
0.047,0.219,1
0.021,0.279,1
0.807,0.403,1
0.05,0.185,0
0.628,0.413,0
0.618,0.469,1
0.506,0.388,0
0.008,0.184,0
0.722,0.465,1
0.743,0.543,0
0.006,0.182,0
0.656,0.39,1
0.529,0.02,0
0.47,0.386,1
0.726,0.558,0
0.009,0.196,1
0.656,0.435,1
0.055,0.248,1
0.885,0.522,1
0.411,0.428,1
0.397,0.057,0
0.591,0.44,0
0.408,0.06,0
0.409,0.017,1
0.565,0.435,1
0.012,0.118,0
0.026,0.105,1
0.5,0.372,0
0.722,0.455,0
0.458,0.448,0
0.064,0.073,1
0.506,0.546,0
0.761,0.495,0
0.057,0.202,0
0.748,0.433,1
0.415,0.057,1
0.006,0.115,1
0.751,0.545,0
0.443,0.12,1
0.861,0.492,0
0.487,0.368,0
0.643,0.46,1
0.673,0.552,0
0.39,0.044,1
0.441,0.477,1
0.911,0.563,0
0.032,0.168,0
0.05,0.15,0
0.481,0.023,1
0.023,0.188,1
0.483,0.051,0
0.71,0.412,1
0.021,0.237,0
0.052,0.091,0
0.695,0.452,0
0.646,0.397,0
0.457,0.417,1
0.543,0.328,1
0.465,0.105,0
0.636,0.444,1
0.425,0.05,0
0.009,0.237,1
0.507,0.369,1
0.032,0.255,0
0.496,0.285,0
0.507,0.011,0
0.093,0.27,0
0.41,0.02,0
0.53,0.401,0
0.078,0.265,1
0.43,0.11,1
0.535,0.27,0
0.566,0.399,1
0.041,0.12,1
0.696,0.376,0
0.501,0.498,1
0.785,0.564,1
0.49,0.491,0
0.557,0.06,1
0.703,0.451,0
0.558,0.059,0
0.036,0.051,1
0.005,0.176,0
0.112,0.164,0
0.542,0.418,1
0.494,0.059,1
0.742,0.496,0
0.052,0.03,1
0.058,0.134,1
0.096,0.17,1
0.017,0.19,1
0.685,0.479,0
0.434,0.017,1
0.486,0.038,0
0.723,0.344,1
0.508,0.476,1
0.462,0.021,1
0.492,0.378,0
0.742,0.428,1
0.509,0.481,1
0.757,0.42,1
0.733,0.416,1
0.783,0.391,0
0.725,0.505,0
0.695,0.552,0
0.001,0.161,0
0.484,0.068,0
0.468,0.403,0
0.473,0.04,1
0.513,0.316,0
0.774,0.502,1
0.015,0.149,0
0.442,0.07,0
0.619,0.574,0
0.005,0.145,1
0.071,0.09,1
0.005,0.194,1
0.647,0.418,0
0.738,0.41,0
0.754,0.417,1
0.589,0.076,1
0.733,0.478,0
0.45,0.372,0
0.526,0.394,0
0.03,0.111,1
0.516,0.364,0
0.094,0.043,1
0.038,0.151,1
0.569,0.338,0
0.753,0.466,0
0.544,0.078,0
0.605,0.322,0
0.019,0.24,1
0.781,0.52,0
0.016,0.234,0
0.462,0.081,1
0.504,0.325,1
0.006,0.212,0
0.03,0.168,0
0.413,0.054,0
0.498,0.141,1
0.028,0.28,0
0.462,0.029,0
0.015,0.17,1
0.522,0.413,0
0.499,0.027,0
0.663,0.429,0
0.01,0.168,1
0.622,0.441,0
0.551,0.405,1
0.044,0.191,0
0.019,0.155,1
0.022,0.197,1
0.49,0.01,0
0.522,0.021,0
0.461,0.043,1
0.821,0.36,0
0.004,0.22,0
0.844,0.412,1
0.539,0.464,1
0.397,0.313,1
0.496,0.299,0
0.608,0.47,1
0.559,0.427,1
0.578,0.393,1
0.661,0.504,0
0.516,0.426,1
0.452,0.033,0
0.077,0.099,0
0.479,0.454,0
0.834,0.494,1
0.462,0.03,0
0.051,0.048,1
0.022,0.234,1
0.709,0.428,1
0.471,0.086,1
0.07,0.198,0
0.766,0.428,0
0.566,0.039,0
0.435,0.386,0
0.331,0.092,0
0.099,0.091,0
0.808,0.424,1
0.426,0.066,1
0.349,0.385,1
0.04,0.164,1
0.057,0.239,1
0.803,0.351,0
0.521,0.068,0
0.128,0.287,0
0.616,0.438,0
0.661,0.398,1
0.828,0.508,0
0.491,0.063,1
0.487,0.352,0
0.701,0.438,1
0.724,0.479,0
0.489,0.008,1
0.049,0.099,0
0.487,0.114,0
0.481,0.46,1
0.522,0.049,1
0.733,0.51,1
0.77,0.403,0
0.583,0.074,0
0.644,0.373,1
0.668,0.464,1
0.678,0.481,0
0.446,0.441,1
0.671,0.529,0
0.531,0.042,1
0.112,0.189,0
0.45,0.097,1
0.474,0.005,1
0.523,0.013,1
0.433,0.393,0
0.544,0.069,0
0.456,0.399,0
0.127,0.177,1
0.006,0.215,0
0.451,0.409,1
0.532,0.404,0
0.697,0.433,1
0.579,0.054,0
0.427,0.038,1
0.095,0.137,0
0.047,0.272,0
0.462,0.068,0
0.086,0.068,1
0.525,0.469,1
0.488,0.403,0
0.502,0.013,0
0.117,0.139,0
0.026,0.165,1
0.577,0.414,0
0.832,0.461,1
0.022,0.187,1
0.085,0.121,1
0.119,0.142,1
0.515,0.379,1
0.034,0.204,0
0.512,0.034,0
0.718,0.399,1
0.498,0.038,0
0.529,0.404,1
0.066,0.167,0
0.001,0.153,1
0.455,0.359,1
0.553,0.049,1
0.74,0.35,1
0.762,0.467,1
0.578,0.033,1
0.509,0.467,1
0.765,0.365,0
0.779,0.352,0
0.508,0.073,1
0.069,0.157,1
0.728,0.488,0
0.79,0.412,0
0.056,0.03,0
0.488,0.435,0
0.751,0.415,0
0.768,0.527,1
0.736,0.467,1
0.518,0.468,0
0.112,0.224,1
0.574,0.455,1
0.008,0.149,1
0.563,0.451,1
0.034,0.246,1
0.057,0.12,1
0.699,0.534,0
0.069,0.227,1
0.545,0.41,0
0.707,0.544,1
0.516,0.462,0
0.083,0.319,0
0.028,0.088,1
0.104,0.211,1
0.134,0.164,1
0.786,0.422,1
0.01,0.201,1
0.432,0.026,1
0.445,0.509,0
0.047,0.248,0
0.382,0.004,0
0.398,0.388,1
0.515,0.014,1
0.009,0.247,0
0.104,0.055,0
0.741,0.416,1
0.817,0.515,1
0.759,0.497,1
0.464,0.006,0
0.569,0.36,1
0.439,0.081,0
0.482,0.561,0
0.003,0.101,1
0.695,0.586,0
0.044,0.103,1
0.468,0.106,0
0.379,0.456,0
0.428,0.4,1
0.51,0.078,0
0.038,0.044,1
0.512,0.339,1
0.602,0.09,1
0.4,0.536,1
0.433,0.334,0
0.513,0.43,0
0.843,0.478,1
0.553,0.01,1
0.7,0.441,0
0.034,0.16,0
0.083,0.193,0
0.822,0.549,1
0.438,0.351,0
0.774,0.498,1
0.504,0.03,0
0.114,0.236,1
0.483,0.043,1
0.388,0.031,0
0.465,0.022,0
0.476,0.391,0
0.516,0.039,1
0.782,0.479,0
0.687,0.376,0
0.526,0.049,1
0.481,0.414,1
0.484,0.034,1
0.007,0.174,0
0.378,0.03,0
0.535,0.005,1
0.428,0.475,0
0.74,0.452,1
0.649,0.476,1
0.813,0.484,0
0.663,0.539,1
0.402,0.422,1
0.683,0.535,0
0.007,0.268,1
0.052,0.22,0
0.419,0.008,0
0.719,0.472,0
0.085,0.277,1
0.791,0.46,1
0.502,0.508,0
0.492,0.398,1
0.374,0.327,0
0.729,0.426,1
0.501,0.077,1
0.429,0.374,1
0.543,0.53,1
0.535,0.05,0
0.556,0.045,0
0.506,0.09,1
0.532,0.469,1
0.534,0.521,0
0.84,0.454,1
0.395,0.407,1
0.008,0.038,1
0.45,0.454,1
0.811,0.317,1
0.681,0.367,0
0.45,0.037,1
0.028,0.201,0
0.37,0.396,1
0.706,0.453,1
0.499,0.07,1
0.057,0.189,1
0.105,0.185,1
0.085,0.232,0
0.43,0.141,0
0.051,0.096,1
0.376,0.029,0
0.432,0.452,1
0.522,0.093,0
0.006,0.144,0
0.513,0.065,1
0.643,0.448,0
0.718,0.53,1
0.491,0.521,0
0.071,0.253,0
0.314,0.396,0
0.58,0.489,1
0.027,0.204,1
0.019,0.158,0
0.369,0.384,1
0.601,0.494,1
0.357,0.069,1
0.519,0.335,0
0.666,0.488,1
0.381,0.055,0
0.662,0.456,1
0.474,0.404,1
0.472,0.015,0
0.104,0.2,0
0.037,0.246,0
0.455,0.431,1
0.093,0.172,1
0,0.247,1
0.063,0.062,0
0.474,0.062,0
0.114,0.148,0
0.48,0.085,0
0.013,0.051,1
0.771,0.415,1
0.087,0.175,1
0.398,0.39,1
0.03,0.067,0
0.461,0.453,0
0.069,0.241,1
0.1,0.266,0
0.518,0.031,0
0.041,0.177,1
0.059,0.09,0
0.714,0.376,1
0.394,0.469,1
0.494,0.393,1
0.768,0.535,0
0.699,0.516,0
0.489,0.343,0
0.457,0.322,1
0.661,0.282,0
0.514,0.079,1
0.033,0.088,1
0.466,0.04,1
0.513,0.069,0
0.037,0.202,1
0.011,0.217,0
0.536,0.422,1
0.062,0.157,0
0.75,0.47,0
0.47,0.389,0
0.05,0.249,1
0.035,0.132,1
0.054,0.154,0
0.526,0.004,0
0.792,0.514,0
0.482,0.043,1
0.066,0.182,0
0.711,0.544,1
0.547,0.011,1
0.485,0.022,1
0.045,0.21,1
0.499,0.017,1
0.073,0.16,0
0.506,0.44,1
0.495,0.388,1
0.076,0.185,1
0.38,0.469,0
0.02,0.21,1
0.527,0.482,1
0.033,0.152,0
0.714,0.434,1
0.497,0.473,1
0.649,0.49,1
0.024,0.172,1
0.127,0.194,1
0.138,0.215,1
0.624,0.428,0
0.445,0.46,0
0.838,0.385,0
0.048,0.164,0
0.003,0.175,1
0.698,0.47,0
0.536,0.037,0
0.052,0.034,0
0.568,0.004,0
0.508,0.037,0
0.417,0.518,1
0.482,0.475,1
0.436,0.03,0
0.048,0.235,0
0.505,0.026,0
0.495,0.025,1
0.799,0.511,0
0.525,0.507,1
0.731,0.453,1
0.724,0.407,0
0.737,0.504,1
0.466,0.367,0
0.499,0.459,1
0.482,0.337,1
0.395,0.391,0
0.543,0.048,0
0.488,0.158,1
0.683,0.459,1
0.122,0.276,1
0.777,0.394,0
0.034,0.116,0
0.537,0.474,1
0.497,0.023,0
0.471,0.509,0
0.056,0.31,1
0.659,0.452,1
0.701,0.452,1
0.779,0.479,1
0.813,0.46,1
0.498,0.416,0
0.487,0.395,0
0.032,0.263,1
0.404,0.388,0
0.701,0.386,0
0.494,0.011,1
0.371,0.303,1
0.049,0.239,0
0.706,0.449,0
0.518,0.023,0
0.546,0.051,0
0.679,0.53,0
0.42,0.102,0
0.527,0.04,1
0.577,0.072,1
0.023,0.099,0
0.437,0.381,1
0.708,0.39,0
0.463,0.495,0
0.012,0.323,1
0.543,0.388,1
0.045,0.206,1
0.664,0.389,0
0.565,0.357,0
0.097,0.17,1
0.537,0.029,0
0.626,0.349,0
0.48,0.373,0
0.782,0.46,0
0.471,0.529,0
0.52,0.062,0
0.445,0.487,0
0.479,0.29,1
0.444,0.565,1
0.751,0.421,1
0.788,0.385,0
0.729,0.466,1
0.476,0.067,1
0.442,0.078,1
0.017,0.312,1
0.028,0.176,0
0.048,0.22,0
0.491,0.454,0
0.532,0.093,0
0.662,0.475,0
0.052,0.16,1
0.419,0.472,1
0.748,0.526,0
0.727,0.494,0
0.485,0.016,0
0.029,0.182,0
0.468,0.035,1
0.524,0.368,0
0.629,0.001,1
0.807,0.487,0
0.883,0.505,1
0.36,0.027,0
0.379,0.329,0
0.443,0.019,0
0.742,0.398,1
0.431,0.51,1
0.442,0.002,1
0.701,0.33,0
0.426,0.435,0
0.397,0.521,0
0.049,0.259,0
0.726,0.416,0
0.476,0.084,0
0.822,0.468,1
0.478,0.45,1
0.097,0.137,0
0.498,0.383,1
0.526,0.302,0
0.776,0.494,1
0.707,0.466,1
0.735,0.453,0
0.717,0.453,1
0.502,0.015,1
0.014,0.165,0
0.381,0.367,0
0.711,0.491,1
0.024,0.219,0
0.656,0.517,0
0.44,0.081,0
0.61,0.528,1
0.42,0.463,1
0.517,0.46,1
0.08,0.124,0
0.097,0.136,1
0.527,0.051,0
0.011,0.112,1
0.692,0.492,1
0.544,0.466,1
0.013,0.169,1
0.801,0.426,1
0.042,0.106,0
0.407,0.114,0
0.072,0.203,1
0.507,0.288,1
0.474,0.026,0
0.526,0.411,1
0.469,0.35,0
0.04,0.229,0
0.48,0.336,1
0.412,0.379,0
0.052,0.207,1
0.679,0.381,0
0.114,0.132,0
0.495,0.009,1
0.697,0.603,1
0.403,0.053,1
0.449,0.318,1
0.421,0.039,1
0.576,0.504,1
0.545,0.413,1
0.087,0.136,0
0.042,0.129,0
0.414,0.385,1
0.524,0.426,0
0.691,0.516,1
0.47,0.471,1
0.331,0.089,1
0.521,0.028,1
0.791,0.331,0
0.367,0.491,1
0.499,0.437,0
0.119,0.234,0
0.482,0.469,0
0.088,0.195,0
0.016,0.211,1
0.426,0.523,0
0.483,0.445,0
0.46,0.412,0
0.012,0.109,0
0.156,0.168,1
0.656,0.542,1
0.053,0.244,1
0.588,0.076,1
0.457,0.053,1
0.734,0.488,0
0.891,0.389,0
0.756,0.394,1
0.661,0.457,0
0.48,0.497,1
0.474,0.421,0
0.042,0.173,0
0.487,0.379,1
0.422,0.485,1
0.483,0.042,0
0.039,0.258,1
0.386,0.397,0
0.501,0.019,1
0.734,0.362,1
0.009,0.195,0
0.02,0.164,0
0.682,0.382,0
0.437,0.416,0
0.594,0.429,1
0.775,0.427,1
0.5,0.001,0
0.478,0.066,1
0.682,0.394,1
0.513,0.436,1
0.698,0.538,1
0.471,0.027,1
0.721,0.443,0
0.392,0.079,1
0.044,0.166,0
0.522,0.451,1
0.033,0.166,0
0.541,0.019,0
0.034,0.159,1
0.516,0.074,1
0.096,0.218,0
0.351,0.024,0
0.717,0.47,0
0.716,0.502,1
0.76,0.51,1
0.05,0.209,0
0.055,0.21,1
0.477,0.405,0
0.672,0.543,1
0.024,0.218,1
0.771,0.449,0
0.513,0.02,0
0.513,0.083,0
0.75,0.389,0
0.584,0.478,0
0.726,0.442,1
0.711,0.419,1
0.056,0.274,0
0.399,0.039,0
0.822,0.548,0
0.734,0.5,1
0.71,0.482,0
0.555,0.431,1
0.026,0.114,0
0.41,0.468,1
0.73,0.453,1
0.493,0.306,0
0.396,0.062,1
0.708,0.56,0
0.012,0.134,1
0.551,0.007,1
0.081,0.203,0
0.764,0.557,1
0.417,0.455,1
0.436,0.437,0
0.56,0.379,0
0.126,0.195,0
0.553,0.136,0
0.517,0.436,1
0.7,0.506,1
0.037,0.284,1
0.419,0.145,0
0.423,0.024,0
0.525,0.46,0
0.418,0.123,0
0.466,0.119,1
0.006,0.18,0
0.652,0.022,0
0.117,0.12,0
0.021,0.216,1
0.021,0.281,0
0.458,0.354,0
0.848,0.445,0
0.545,0.036,1
0.733,0.356,0
0.441,0.016,0
0.625,0.554,1
0.105,0.161,0
0.56,0.056,1
0.442,0.339,0
0.524,0.389,1
0.711,0.487,0
0.09,0.245,0
0.381,0.373,0
0.522,0.393,1
0.505,0.064,0
0.815,0.496,1
0.484,0.373,1
0.457,0.03,0
0.698,0.532,1
0.071,0.044,0
0.434,0.067,0
0.13,0.233,1
0.661,0.462,0
0.661,0.435,0
0.035,0.227,0
0.45,0.048,0
0.503,0.035,1
0.426,0.423,0
0.48,0.07,0
0.491,0.4,0
0.668,0.546,0
0.761,0.448,1
0.533,0.385,1
0.425,0.518,1
0.782,0.522,0
0.471,0.023,0
0.556,0.051,1
0.801,0.414,0
0.597,0.399,0
0.799,0.521,0
0.395,0.478,0
0.589,0.253,0
0.544,0.039,1
0.475,0.459,0
0.648,0.422,0
0.578,0.046,0
0.453,0.339,0
0.591,0.549,1
0.83,0.426,1
0.062,0.224,0
0.14,0.154,1
0.499,0.396,0
0.504,0.446,1
0.533,0.089,0
0.47,0.47,1
0.656,0.453,0
0.017,0.165,1
0.795,0.435,0
0.014,0.174,0
0.091,0.22,1
0.018,0.209,1
0.74,0.437,0
0.034,0.145,1
0.546,0.427,0
0.418,0.045,0
0.647,0.424,0
0.729,0.432,1
0.482,0.032,0
0.462,0.034,1
0.752,0.443,1
0.1,0.268,0
0.003,0.322,1
0.43,0.007,0
0.024,0.233,0
0.452,0.049,0
0.826,0.425,0
0.776,0.637,0
0.579,0.433,0
0.445,0.406,1
0.671,0.437,0
0.523,0.055,1
0.539,0.001,1
0.709,0.387,1
0.421,0.082,1
0.696,0.556,1
0.475,0.568,1
0.72,0.52,0
0.036,0.185,0
0.548,0.025,0
0.497,0.046,1
0.508,0.377,0
0.576,0.011,1
0.606,0.467,0
0.768,0.438,1
0.537,0.003,0
0.009,0.221,1
0.809,0.372,1
0.434,0.322,0
0.051,0.18,1
0.478,0.392,0
0.788,0.393,1
0.034,0.108,1
0.049,0.129,0
0.451,0.511,1
0.384,0.479,0
0.441,0.44,1
0.576,0.44,0
0.117,0.304,1
0.73,0.39,0
0.48,0.445,0
0.493,0.029,0
0.755,0.513,1
0.065,0.283,1
0.622,0.425,1
0.477,0.039,1
0.028,0.112,1
0.399,0.006,0
0.427,0.032,1
0.714,0.431,1
0.08,0.242,0
0.533,0.424,0
0.487,0.443,0
0.419,0.382,0
0.526,0.474,1
0.001,0.182,1
0.601,0.418,0
0.003,0.248,1
0.497,0.026,0
0.421,0.464,0
0.477,0.376,0
0.513,0.035,0
0.652,0.492,0
0.349,0.377,0
0.017,0.232,1
0.549,0.38,0
0.507,0.331,0
0.523,0.444,1
0.412,0.437,1
0.755,0.514,1
0.758,0.376,1
0.704,0.498,1
0.451,0.081,1
0.558,0.03,1
0.427,0.119,1
0.493,0.295,1
0.031,0.222,0
0.485,0.025,0
0.735,0.468,1
0.839,0.457,1
0.52,0.072,0
0.084,0.177,0
0.802,0.537,1
0.417,0.464,0
0.721,0.496,1
0.793,0.407,0
0.769,0.457,1
0.684,0.405,1
0.02,0.217,1
0.014,0.255,1
0.07,0.071,0
0.519,0.019,0
0.447,0.475,0
0.458,0.361,1
0.45,0.386,0
0.754,0.528,0
0.014,0.295,0
0.423,0.399,0
0.771,0.321,0
0.758,0.408,1
0.471,0.048,0
0.428,0.459,0
0.044,0.206,0
0.719,0.394,1
0.691,0.461,1
0.77,0.482,0
0.443,0.038,0
0.503,0.414,0
0.104,0.145,0
0.592,0.465,1
0.474,0.007,0
0.746,0.472,0
0.595,0.562,0
0.026,0.081,1
0.727,0.421,0
0.525,0.071,1
0.441,0.329,1
0.41,0.315,1
0.45,0.409,1
0.758,0.515,1
0.53,0.407,0
0.033,0.201,0
0.049,0.09,1
0.481,0.095,0
0.535,0.566,1
0.71,0.288,0
0.506,0.007,0
0.485,0.019,1
0.73,0.449,0
0.731,0.45,0
0.684,0.496,0
0.475,0.451,1
0.469,0.051,0
0.494,0.405,1
0.094,0.235,0
0.489,0.429,1
0.767,0.536,1
0.567,0.393,0
0.742,0.393,0
0.153,0.328,0
0.717,0.476,1
0.089,0.056,0
0.01,0.28,1
0.816,0.383,0
0.442,0.365,0
0.595,0.096,0
0.73,0.464,1
0.7,0.467,0
0.383,0.029,1
0.528,0.043,0
0.009,0.183,0
0.02,0.272,0
0.003,0.169,1
0.667,0.495,1
0.019,0.224,1
0.06,0.166,0
0.528,0.398,1
0.673,0.424,0
0.756,0.425,1
0.579,0.303,0
0.483,0.03,1
0.048,0.212,0
0.467,0.41,0
0.727,0.427,0
0.02,0.169,0
0.413,0.413,1
0.006,0.269,0
0.518,0.006,0
0.087,0.194,0
0.549,0.43,1
0.047,0.15,0
0.467,0.096,0
0.438,0.346,1
0.484,0.001,1
0.442,0.039,1
0.69,0.437,0
0.542,0.049,1
0.629,0.532,0
0.587,0.056,0
0.507,0.348,1
0.154,0.229,0
0.526,0.566,1
0.524,0.472,0
0.558,0.383,1
0.51,0.004,0
0.746,0.479,1
0.561,0.028,1
0.042,0.123,0
0.088,0.063,1
0.041,0.2,1
0.707,0.43,0
0.461,0.45,1
0.786,0.447,0
0.798,0.465,1
0.119,0.16,0
0.003,0.169,1
0.475,0.029,1
0.09,0.209,1
0.472,0.404,1
0.467,0.06,0
0.799,0.511,0
0.731,0.538,1
0.534,0.02,0
0.5,0.432,1
0.794,0.408,0
0.01,0.235,0
0,0.254,1
0.512,0.047,1
0.77,0.578,1
0.485,0.363,1
0.679,0.452,1
0.476,0.377,1
0.671,0.454,0
0.615,0.085,0
0.017,0.156,0
0.776,0.422,0
0.031,0.172,1
0.495,0.469,0
0.437,0.067,1
0.739,0.356,1
0.48,0.555,0
0.7,0.435,0
0.56,0.507,0
0.009,0.221,1
0.477,0.099,0
0.48,0.463,1
0.453,0.471,1
0.544,0.038,1
0.342,0.112,1
0.057,0.195,1
0.071,0.057,1
0.577,0.051,1
0.532,0.343,0
0.464,0.011,0
0.062,0.129,0
0.574,0.153,0
0.564,0.391,0
0.766,0.421,1
0.369,0.066,0
0.056,0.194,0
0.459,0.059,1
0.466,0.005,0
0.633,0.401,1
0.47,0.514,0
0.691,0.444,1
0.007,0.166,0
0.531,0.483,0
0.491,0.454,0
0.43,0.412,0
0.035,0.211,0
0.536,0.075,0
0.478,0.467,1
0.485,0.006,0
0.68,0.506,1
0.434,0.382,1
0.076,0.109,1
0.071,0.185,0
0.434,0.431,1
0.397,0.039,1
0.047,0.244,0
0.722,0.479,0
0.448,0.393,0
0.52,0.077,0
0.453,0.362,1
0.646,0.464,1
0.519,0.058,0
0.557,0.362,1
0.49,0.397,0
0.501,0.061,1
0.061,0.142,1
0.447,0.419,1
0.732,0.421,1
0.058,0.217,0
0.032,0.189,0
0.391,0.476,1
0.734,0.471,0
0.518,0.01,0
0.643,0.48,0
0.508,0.021,0
0.566,0.044,0
0.822,0.474,1
0.65,0.473,0
0.06,0.26,0
0.522,0.343,1
0.517,0.359,0
0.452,0.026,1
0.075,0.193,1
0.013,0.206,0
0.819,0.434,0
0.11,0.254,0
0.545,0.101,0
0.494,0.476,1
0.693,0.476,0
0.476,0.001,0
0.479,0.489,0
0.463,0.015,0
0.127,0.22,1
0.463,0.46,0
0.076,0.174,1
0.066,0.149,0
0.489,0.144,0
0.038,0.211,1
0.448,0.46,1
0.073,0.268,1
0.795,0.492,1
0.029,0.152,1
0.745,0.554,1
0.564,0.38,0
0.508,0.306,0
0.492,0.389,0
0.503,0.107,1
0.511,0.501,1
0.52,0.052,0
0.458,0.018,1
0.048,0.15,1
0.428,0.063,0
0.064,0.163,0
0.481,0.027,0
0.54,0.454,1
0.069,0.175,1
0.094,0.112,0
0.435,0.467,0
0.426,0.421,1
0.707,0.487,0
0.553,0.316,0
0.508,0.013,1
0.536,0.371,1
0.56,0.07,1
0.712,0.387,1
0.774,0.498,0
0.722,0.485,0
0.657,0.435,1
0.483,0.003,0
0.441,0.509,1
0.72,0.414,0
0.641,0.437,0
0.427,0.045,0
0.54,0.089,1
0.543,0.47,1
0.504,0.376,1
0.703,0.353,0
0.777,0.448,1
0.696,0.47,1
0.761,0.419,0
0.398,0.024,0
0.624,0.443,1
0.756,0.479,0
0.083,0.261,1
0.002,0.14,1
0.492,0.03,1
0.712,0.403,1
0.165,0.145,1
0.71,0.416,0
0.575,0.528,1
0.725,0.4,0
0.467,0.433,0
0.517,0,0
0.46,0.052,0
0.77,0.405,0
0.685,0.38,1
0.487,0.349,0
0.42,0.309,1
0.382,0.537,1
0.618,0.031,1
0.425,0.035,0
0.004,0.149,0
0.361,0.028,0
0.397,0.44,0
0.481,0.455,1
0.613,0.516,0
0.518,0.053,1
0.862,0.473,1
0.497,0.254,0
0.55,0.072,1
0.463,0.105,0
0.522,0.332,0
0.033,0.18,0
0.46,0.018,1
0.748,0.529,1
0.656,0.458,1
0.491,0.043,0
0.45,0.064,0
0.459,0.353,1
0.447,0.314,1
0.556,0.366,0
0.641,0.544,0
0.008,0.193,0
0.757,0.532,1
0.712,0.481,0
0.812,0.46,1
0.722,0.464,0
0.816,0.476,0
0.104,0.198,0
0.488,0.447,1
0.762,0.515,0
0.471,0.037,1
0.693,0.442,0
0.053,0.137,0
0.019,0.207,0
0.749,0.442,0
0.334,0.01,1
0.625,0,0
0.798,0.393,0
0.706,0.488,1
0.547,0.065,0
0.356,0.425,0
0.391,0.087,1
0.434,0.051,0
0.588,0.021,1
0.758,0.498,1
0.042,0.151,0
0.025,0.17,1
0.509,0.404,1
0.088,0.173,1
0.374,0.383,0
0.488,0.004,0
0.862,0.467,0
0.521,0.001,0
0.76,0.461,1
0.582,0.496,0
0.007,0.225,1
0.518,0.052,0
0.551,0.402,1
0.08,0.261,1
0.055,0.253,1
0.059,0.139,1
0.541,0.411,0
0.506,0.057,0
0.46,0.084,1
0.651,0.488,1
0.035,0.112,0
0.005,0.214,1
0.555,0.038,1
0.014,0.213,0
0.51,0.012,0
0.147,0.13,1
0.559,0.372,1
0.785,0.592,0
0.416,0.461,0
0.019,0.146,1
0.457,0.466,1
0.719,0.516,1
0.011,0.127,0
0.06,0.225,0
0.638,0.041,1
0.426,0.353,0
0.502,0.017,0
0.508,0.047,0
0.102,0.115,1
0.016,0.146,1
0.414,0.016,1
0.689,0.409,0
0.081,0.098,0
0.504,0.047,1
0.527,0.486,1
0.48,0.003,0
0.491,0.037,0
0.05,0.136,1
0.519,0.012,1
0.519,0.402,1
0.006,0.057,1
0.779,0.423,1
0.695,0.512,0
0.774,0.412,0
0.5,0.503,0
0.545,0.013,1
0.839,0.469,1
0.041,0.154,0
0.743,0.444,0
0.503,0.478,1
0.454,0.269,1
0.718,0.453,0
0.511,0.024,0
0.754,0.355,1
0.51,0.018,1
0.444,0.342,1
0.483,0.334,1
0.602,0.454,1
0.484,0.335,0
0.032,0.147,0
0.41,0.306,0
0.381,0.061,0
0.781,0.377,1
0.037,0.201,1
0.634,0.473,1
0.482,0.044,0
0.01,0.262,1
0.444,0.464,1
0.524,0.425,0
0.464,0.333,1
0.612,0.426,1
0.537,0.334,1
0.036,0.093,0
0.55,0.387,0
0.035,0.291,1
0.538,0.495,0
0.614,0.007,0
0.731,0.508,1
0.52,0.034,0
0.033,0.126,0
0.374,0.524,0
0.477,0.44,1
0.411,0.034,1
0.424,0.563,1
0.407,0.034,1
0.451,0.12,1
0.637,0.556,1
0.444,0.487,0
0.707,0.492,1
0.648,0.517,1
0.105,0.145,0
0.007,0.156,0
0.499,0.063,0
0.036,0.172,1
0.066,0.128,1
0.707,0.381,0
0.426,0.067,0
0.435,0.031,0
0.09,0.242,1
0.035,0.214,0
0.655,0.494,0
0.471,0.394,0
0.458,0.01,1
0.733,0.547,1
0.525,0.016,0
0.53,0.024,1
0.411,0.028,1
0.563,0.331,1
0.444,0.369,0
0.027,0.203,1
0.381,0.042,1
0.495,0.489,0
0.763,0.514,0
0.487,0.02,1
0.487,0.053,0
0.039,0.165,1
0.501,0.365,1
0.117,0.23,1
0.513,0.033,1
0.539,0.423,0
0.78,0.603,0
0.498,0.423,1
0.66,0.444,0
0.654,0.36,0
0.422,0.054,1
0.723,0.433,0
0.015,0.149,0
0.559,0.358,1
0.482,0.375,0
0.012,0.155,1
0.001,0.216,1
0.047,0.168,0
0.365,0.426,1
0.676,0.434,0
0.078,0.19,1
0.389,0.377,0
0.796,0.422,0
0.434,0.409,0
0.545,0.043,0
0.749,0.503,1
0.687,0.502,1
0.014,0.192,1
0.455,0.363,1
0.608,0.414,1
0.038,0.236,0
0.428,0.053,1
0.501,0.081,1
0.438,0.551,1
0.054,0.166,1
0.057,0.17,0
0.546,0.528,0
0.723,0.388,1
0.826,0.445,1
0.492,0.056,1
0.026,0.128,1
0.463,0.337,0
0.484,0.014,1
0.72,0.39,1
0.113,0.074,0
0.002,0.207,1
0.736,0.474,1
0.437,0.057,0
0.108,0.224,0
0.696,0.501,1
0.49,0.478,1
0.75,0.476,0
0.515,0.383,1
0.457,0.462,1
0.741,0.524,0
0.463,0.133,0
0.727,0.472,1
0.434,0.08,0
0.754,0.464,1
0.587,0.422,1
0.042,0.15,0
0.538,0.087,1
0.1,0.296,0
0.041,0.106,0
0.044,0.251,0
0.492,0.039,0
0.447,0.063,1
0.66,0.41,0
0.426,0.024,0
0.316,0.415,1
0.092,0.143,0
0.526,0.01,0
0.739,0.471,1
0.736,0.418,0
0.055,0.107,1
0.697,0.421,0
0.471,0.125,1
0.3,0.519,0
0.045,0.251,1
0.556,0.088,1
0.075,0.198,0
0.04,0.066,0
0.417,0.52,0
0.417,0.042,0
0.013,0.075,0
0.455,0.022,1
0.805,0.58,0
0.694,0.449,0
0.404,0.455,1
0.411,0.008,1
0.083,0.142,0
0.065,0.048,1
0.743,0.404,0
0.744,0.498,0
0.441,0.012,1
0.519,0.053,1
0.487,0.506,1
0.545,0.305,1
0.444,0.405,0
0.035,0.205,0
0.028,0.211,1
0.753,0.419,1
0.072,0.249,1
0.586,0.462,0
0.701,0.533,0
0.491,0.059,1
0.437,0,0
0.454,0.015,1
0.736,0.455,0
0.617,0.053,1
0.803,0.563,0
0.67,0.53,1
0.501,0.335,0
0.668,0.436,1
0.389,0.419,1
0.018,0.061,1
0.44,0.014,1
0.697,0.51,0
0.534,0.317,1
0.564,0.026,0
0.416,0.027,0
0.487,0.441,0
0.538,0.092,1
0.073,0.283,0
0.46,0.393,0
0.749,0.513,1
0.668,0.515,0
0.435,0.392,0
0.714,0.503,1
0.822,0.494,1
0.868,0.421,1
0.49,0.522,1
0.053,0.224,1
0.485,0.079,0
0.052,0.246,1
0.462,0.429,1
0.446,0.079,1
0.132,0.127,1
0.75,0.465,1
0.039,0.189,0
0.508,0.001,1
0.445,0.494,1
0.504,0.014,1
0.701,0.544,0
0.507,0.453,0
0.703,0.501,1
0.113,0.149,1
0.081,0.184,1
0.38,0.321,0
0.443,0.492,1
0.477,0.087,0
0.021,0.198,0
0.553,0.455,0
0.513,0.063,1
0.481,0.036,1
0.574,0.419,0
0.414,0.477,0
0.535,0.406,0
0.007,0.216,1
0.555,0.431,1
0.705,0.51,0
0.399,0.44,1
0.845,0.554,0
0.168,0.165,1
0.348,0.382,0
0.067,0.311,0
0.01,0.129,1
0.088,0.166,1
0.535,0.004,1
0.67,0.481,1
0.746,0.471,1
0.019,0.308,1
0.65,0.416,0
0.436,0.069,1
0.006,0.173,1
0.471,0.007,0
0.73,0.427,0
0.783,0.361,1
0.505,0.386,0
0.734,0.564,0
0.503,0.366,1
0.545,0.402,1
0.046,0.216,1
0.55,0.421,0
0.595,0.007,1
0.438,0.034,0
0.528,0.342,0
0.404,0.006,0
0.129,0.191,1
0.552,0.482,0
0.054,0.109,1
0.397,0.011,0
0.438,0.042,1
0.052,0.079,0
0.53,0.342,0
0.068,0.172,0
0.428,0.064,1
0.488,0.002,0
0.058,0.181,0
0.55,0.376,0
0.645,0.363,0
0.428,0.409,0
0.309,0.013,0
0.474,0.012,1
0.56,0.516,0
0.405,0.452,0
0.097,0.087,0
0.535,0.058,1
0.522,0.507,1
0.426,0.001,0
0.524,0.082,1
0.492,0.049,0
0,0.154,0
0.412,0.148,1
0.451,0.4,1
0.707,0.379,0
0.179,0.204,1
0.025,0.204,0
0.04,0.211,1
0.083,0.127,0
0.77,0.446,1
0.448,0.438,0
0.115,0.021,1
0.522,0.336,1
0.532,0.44,0
0.479,0.142,0
0.782,0.437,1
0.45,0.441,0
0.644,0.36,1
0.095,0.221,0
0.459,0.127,1
0.476,0.372,0
0.62,0.393,0
0.439,0.046,0
0.53,0.054,0
0.607,0.451,0
0.028,0.2,1
0.037,0.272,0
0.018,0.178,0
0.764,0.392,0
0.467,0.057,1
0.061,0.136,1
0.156,0.257,1
0.397,0.431,1
0.507,0.047,1
0.439,0.288,0
0.434,0.032,1
0.661,0.461,1
0.014,0.217,1
0.003,0.186,1
0.651,0.426,1
0.4,0.419,1
0.478,0.397,0
0.77,0.403,1
0.406,0.12,1
0.463,0.031,1
0,0.174,1
0.813,0.499,0
0.008,0.194,1
0.618,0.498,1
0.82,0.418,0
0.01,0.193,0
0.427,0.065,0
0.525,0.517,0
0.01,0.032,1
0.483,0.436,1
0.403,0.03,0
0.882,0.527,0
0.537,0.416,1
0.417,0.012,0
0.49,0.048,1
0.064,0.009,1
0.659,0.49,0
0.009,0.194,1
0.012,0.201,0
0.415,0.072,0
0.02,0.199,1
0.525,0.433,0
0.528,0.425,1
0.458,0.044,0
0.712,0.408,0
0.819,0.526,0
0.678,0.506,1
0.773,0.439,1
0.058,0.184,1
0.082,0.192,0
0.085,0.115,1
0.839,0.345,1
0.51,0.041,1
0.465,0.445,0
0.537,0.428,1
0.463,0.298,0
0.514,0.513,0
0.757,0.49,1
0.03,0.31,1
0.052,0.139,0
0.515,0.391,1
0.521,0.389,0
0.552,0.051,1
0.408,0.311,1
0.669,0.398,1
0.478,0.038,0
0.451,0.061,0
0.762,0.484,1
0.526,0.082,1
0.567,0.07,1
0.529,0.443,1
0.76,0.496,1
0.695,0.511,1
0.478,0.482,0
0.448,0.493,1
0.48,0.264,1
0.433,0.441,0
0.507,0.022,1
0.461,0.046,1
0.635,0.399,0
0.567,0.1,0
0.063,0.19,0
0.469,0.314,0
0.717,0.5,1
0.373,0.049,0
0.531,0.02,0
0.586,0.113,1
0.471,0.388,1
0.135,0.098,0
0.039,0.085,0
0.727,0.378,1
0.536,0.126,1
0.744,0.424,1
0.014,0.222,0
0.729,0.415,1
0.047,0.27,1
0.046,0.099,1
0.558,0.03,1
0.499,0.009,1
0.542,0.035,1
0.483,0.001,1
0.076,0.199,1
0.438,0.006,0
0.02,0.158,1
0.021,0.121,1
0.494,0.409,0
0.693,0.432,0
0.769,0.432,1
0.414,0.391,1
0.749,0.437,1
0.493,0.035,1
0.693,0.518,0
0.018,0.098,1
0.45,0.057,0
0.131,0.218,0
0.022,0.307,0
0.487,0.139,0
0.489,0.444,1
0.446,0.298,1
0.044,0.182,0
0.009,0.11,0
0.041,0.194,0
0.548,0.446,1
0.032,0.127,0
0.477,0.112,0
0.032,0.146,1
0.531,0.071,1
0.008,0.254,0
0.128,0.245,0
0.763,0.383,1
0.003,0.152,0
0.469,0.423,1
0.522,0.066,1
0.505,0.05,0
0.1,0.238,0
0.656,0.526,0
0.471,0.493,1
0.519,0.395,1
0.779,0.474,1
0.562,0.385,0
0.048,0.102,0
0.447,0.47,1
0.756,0.479,0
0.707,0.41,1
0.039,0.219,1
0.464,0.087,1
0.442,0.003,1
0.437,0.413,0
0.414,0.315,0
0.551,0.511,0
0.623,0.475,1
0.382,0.493,0
0.403,0.563,0
0.429,0.46,0
0.455,0.067,1
0.529,0.104,1
0.545,0.415,0
0.501,0.056,1
0.757,0.47,0
0.745,0.585,0
0.683,0.401,0
0.735,0.432,1
0.498,0.456,0
0.697,0.459,1
0.005,0.162,1
0.785,0.47,0
0.65,0.463,0
0.688,0.389,1
0.448,0.007,1
0.001,0.269,1
0.567,0.485,1
0.503,0.161,0
0.497,0.419,1
0.69,0.429,0
0.101,0.146,1
0.424,0.441,0
0.472,0.1,1
0.565,0.087,1
0.073,0.159,1
0.445,0.066,1
0.554,0.056,0
0.499,0.019,1
0.001,0.214,0
0.462,0.05,1
0.387,0.081,1
0.476,0.028,0
0.062,0.189,0
0.743,0.505,0
0.482,0.127,1
0.741,0.451,1
0.5,0.02,0
0.697,0.445,0
0.499,0.445,1
0.521,0.04,0
0.541,0.027,0
0.038,0.148,1
0.519,0.015,1
0.762,0.439,1
0.481,0.004,0
0.71,0.554,0
0.537,0.071,0
0.064,0.141,1
0.537,0.447,1
0.514,0.011,1
0.07,0.145,0
0.498,0.589,1
0.782,0.43,1
0.443,0.006,1
0.045,0.113,1
0.118,0.157,1
0.068,0.214,1
0.452,0.07,1
0.532,0.348,0
0.024,0.284,1
0.476,0.385,1
0.722,0.441,1
0.454,0.144,0
0.339,0.452,0
0.466,0.007,1
0.651,0.421,1
0.043,0.155,1
0.006,0.109,1
0.465,0.029,1
0.803,0.507,0
0.041,0.17,0
0.068,0.157,0
0.62,0.38,0
0.303,0.02,1
0.537,0.112,1
0.417,0.091,0
0.445,0.37,1
0.524,0.038,1
0.546,0.071,1
0.733,0.421,0
0.58,0.023,1
0.099,0.164,1
0.154,0.249,0
0.673,0.463,1
0.464,0.041,0
0.436,0.022,1
0.388,0.109,1
0.531,0.405,0
0.625,0.455,1
0.568,0.095,1
0.472,0.043,1
0.665,0.52,0
0.027,0.277,0
0.5,0.125,0
0.67,0.428,0
0.023,0.102,1
0.574,0.015,0
0.472,0.477,0
0.662,0.547,1
0.685,0.468,0
0.674,0.525,0
0.1,0.024,1
0.802,0.488,1
0.529,0.006,0
0.489,0.057,1
0.008,0.186,0
0.049,0.326,1
0.027,0.193,0
0.496,0.072,0
0.678,0.471,0
0.366,0.473,0
0.79,0.475,1
0.025,0.221,1
0.108,0.094,1
0.047,0.218,1
0.466,0.476,1
0.55,0.347,1
0.791,0.437,0
0.015,0.199,1
0.737,0.529,1
0.724,0.375,0
0.762,0.469,1
0.042,0.217,1
0.441,0.175,1
0.525,0.095,0
0.558,0,1
0.763,0.436,0
0.362,0.085,1
0.692,0.407,0
0.415,0.048,0
0.484,0.357,0
0.419,0.034,1
0.043,0.25,0
0.78,0.439,1
0.447,0.509,1
0.443,0.053,0
0.725,0.056,1
0.084,0.145,1
0.718,0.545,0
0.464,0.426,1
0.436,0.011,1
0.054,0.131,0
0.636,0.517,1
0.532,0.041,1
0.447,0.49,0
0.491,0.409,1
0.509,0.135,0
0.11,0.162,1
0.392,0.117,0
0.662,0.5,1
0.706,0.571,1
0.539,0.414,1
0.486,0.437,1
0.689,0.414,0
0.64,0.446,1
0.719,0.518,0
0.701,0.431,0
0.011,0.124,0
0.679,0.401,1
0.668,0.399,1
0.476,0.111,1
0.319,0.059,1
0.792,0.418,0
0.051,0.119,1
0.428,0.085,0
0.043,0.231,1
0.076,0.265,0
0.389,0.016,1
0.656,0.447,1
0.395,0.437,0
0.527,0.066,0
0.508,0.075,1
0.029,0.213,0
0.363,0.401,1
0.653,0.418,0
0.399,0.055,0
0.493,0.437,1
0.504,0.064,0
0.459,0.31,1
0.486,0.142,0
0.52,0.091,0
0.512,0.441,0
0.771,0.41,0
0.658,0.47,1
0.485,0.372,1
0.014,0.211,0
0.668,0.458,1
0.482,0.064,0
0.49,0.041,0
0.519,0.378,1
0.69,0.532,0
0.46,0.04,0
0.483,0.109,0
0.877,0.467,1
0.788,0.395,1
0.511,0.491,1
0.555,0.107,1
0,0.222,1
0.483,0.078,0
0.591,0.531,1
0.626,0.561,0
0.524,0.069,0
0.049,0.154,1
0.533,0.16,1
0.496,0.004,1
0.036,0.134,0
0.145,0.042,0
0.412,0.034,1
0.709,0.468,0
0.003,0.113,1
0.054,0.163,0
0.726,0.506,1
0.491,0.014,0
0.532,0.015,0
0.552,0.068,1
0.11,0.235,0
0.512,0.352,0
0.765,0.484,0
0.731,0.534,1
0.479,0.005,0
0.062,0.26,1
0.497,0.403,1
0.472,0.032,0
0.769,0.458,1
0.454,0.385,0
0.513,0.404,1
0.601,0.095,1
0.029,0.25,1
0.012,0.214,1
0.61,0.4,0
0.637,0.558,0
0.476,0.019,1
0.657,0.468,0
0.421,0.036,1
0.466,0.492,1
0.667,0.477,1
0.73,0.542,0
0.042,0.28,0
0.095,0.104,1
0.545,0.443,0
0.483,0.482,0
0.031,0.197,0
0.551,0.02,0
0.454,0.51,1
0.764,0.481,0
0.399,0.415,1
0.451,0.336,0
0.783,0.546,1
0.569,0.007,0
0.529,0.033,0
0.102,0.078,0
0.456,0.457,0
0.069,0.231,1
0.656,0.431,0
0.655,0.517,0
0.527,0.455,1
0.782,0.585,1
0.047,0.271,1
0.605,0.053,1
0.665,0.443,0
0.058,0.093,0
0.036,0.21,0
0.006,0.247,0
0.032,0.204,0
0.029,0.187,0
0.62,0.368,1
0.497,0.117,1
0.4,0.007,0
0.001,0.246,0
0.506,0.077,1
0.503,0.416,1
0.109,0.198,0
0.793,0.442,0
0.759,0.483,1
0.042,0.223,1
0.019,0.189,1
0.471,0.435,1
0.647,0.458,0
0.458,0.432,1
0.611,0.087,1
0.702,0.574,1
0.495,0,0
0.655,0.415,0
0.022,0.117,1
0.125,0.146,1
0.496,0.014,0
0.464,0.023,0
0.733,0.419,0
0.058,0.26,0
0.577,0.051,1
0.512,0.029,1
0.415,0.004,0
0.526,0.333,1
0.483,0.38,0
0.556,0.431,0
0.098,0.12,1
0.409,0.416,1
0.384,0.442,0
0.595,0.019,1
0.013,0.134,1
0.783,0.436,0
0.519,0.409,1
0.55,0.004,1
0.765,0.56,1
0.021,0.206,0
0.575,0.135,0
0.74,0.444,1
0.621,0.409,0
0.487,0.041,1
0.611,0.366,1
0.422,0.425,0
0.766,0.485,0
0.48,0.483,1
0.836,0.442,1
0.778,0.521,1
0.138,0.24,1
0.449,0.405,0
0.533,0.366,1
0.676,0.446,0
0.093,0.156,1
0.486,0.049,0
0.522,0.046,1
0.678,0.487,1
0.529,0.337,1
0.1,0.201,1
0.687,0.446,0
0.018,0.04,1
0.839,0.457,1
0.451,0.35,1
0.41,0.03,0
0.496,0.021,1
0.32,0.034,1
0.443,0.018,1
0.03,0.142,0
0.547,0.084,0
0.506,0.039,1
0.891,0.462,1
0.386,0.399,1
0.549,0.009,1
0.433,0.406,1
0.435,0.119,1
0.027,0.17,1
0.674,0.419,0
0.467,0.415,1
0.503,0.021,0
0.054,0.165,0
0.714,0.511,0
0.684,0.539,1
0.106,0.184,0
0.48,0.057,1
0.562,0.387,0
0.684,0.482,0
0.668,0.366,1
0.749,0.522,0
0.012,0.238,0
0.759,0.455,0
0.485,0.408,0
0.474,0.395,1
0.019,0.235,1
0.538,0.063,0
0.693,0.516,1
0.65,0.523,1
0.791,0.494,0
0.443,0.458,1
0.496,0.099,0
0.031,0.108,0
0.445,0.132,0
0.466,0.417,0
0.016,0.062,0
0.565,0.446,1
0.076,0.176,1
0.684,0.365,1
0.761,0.502,0
0.047,0.237,0
0.042,0.257,0
0.036,0.299,1
0.063,0.201,1
0.043,0.165,1
0.684,0.436,0
0.674,0.461,1
0.532,0.388,0
0.018,0.18,1
0.487,0.011,1
0.504,0.087,0
0.637,0.414,1
0.035,0.146,0
0.48,0.514,1
0.486,0.049,1
0.586,0.006,1
0.5,0.447,1
0.06,0.274,0
0.472,0.055,1
0.722,0.501,0
0.432,0.374,0
0.022,0.282,1
0.46,0.369,0
0.753,0.551,1
0.712,0.544,0
0.493,0.074,1
0.01,0.152,1
0.572,0.505,1
0.557,0.403,1
0.318,0.049,1
0.438,0.445,1
0.46,0.095,0
0.456,0.006,1
0.051,0.199,0
0.508,0.071,1
0.651,0.595,1
0.007,0.092,1
0.544,0.024,1
0.002,0.116,0
0.773,0.389,1
0.404,0.413,0
0.101,0.175,1
0.571,0.359,1
0.655,0.395,0
0.479,0.413,1
0.56,0.067,0
0.403,0.382,0
0.452,0.478,1
0.745,0.385,0
0.014,0.211,1
0.104,0.177,0
0.484,0.357,0
0.439,0.462,1
0.605,0.051,0
0.787,0.531,1
0.58,0.459,0
0.102,0.122,1
0.506,0.022,0
0.713,0.399,0
0.404,0.062,1
0.028,0.155,1
0.48,0.113,0
0.079,0.141,1
0.427,0.043,0
0.465,0.039,1
0.511,0.408,0
0.469,0.02,0
0.335,0.053,1
0.09,0.131,0
0.834,0.324,1
0.539,0.461,1
0.609,0.252,1
0.663,0.429,0
0.067,0.169,0
0.115,0.162,0
0.695,0.482,1
0.565,0.445,0
0.748,0.577,1
0.726,0.417,1
0.729,0.434,0
0.692,0.502,0
0.506,0.518,0
0.445,0.378,0
0.445,0.509,0
0.676,0.476,1
0.018,0.279,1
0.579,0.05,0
0.799,0.481,1
0.063,0.25,1
0.012,0.31,1
0.641,0.603,1
0.552,0.371,1
0.626,0.51,0
0.033,0.142,0
0.544,0.466,0
0.012,0.128,1
0.712,0.509,1
0.556,0.012,0
0.578,0.464,0
0.044,0.161,1
0.431,0.446,0
0.436,0.056,0
0.356,0.346,1
0.457,0.008,0
0.728,0.477,0
0.704,0.465,1
0.589,0.044,0
0.014,0.17,0
0.542,0.047,1
0.524,0.36,0
0.037,0.085,1
0.028,0.195,1
0.467,0.039,1
0.603,0.409,0
0.044,0.154,1
0.721,0.568,0
0.53,0.361,1
0.428,0.043,1
0.696,0.412,0
0.691,0.402,1
0.478,0.371,1
0.061,0.04,0
0.656,0.506,1
0.539,0.001,1
0.451,0.343,0
0.647,0.562,0
0.486,0.007,1
0.038,0.258,1
0.046,0.247,0
0.604,0.027,0
0.43,0.422,0
0.521,0.37,0
0.5,0.028,1
0.672,0.452,0
0.761,0.449,1
0.734,0.427,1
0.012,0.213,0
0.052,0.175,1
0.507,0.505,0
0.551,0.077,1
0.568,0.376,0
0.527,0.074,1
0.055,0.175,0
0.469,0.451,1
0.029,0.189,0
0.043,0.17,1
0.553,0.392,0
0.575,0.391,1
0.061,0.243,1
0.614,0.031,0
0.498,0.385,1
0.435,0.062,1
0.802,0.408,1
0.394,0.345,1
0.018,0.075,0
0.729,0.329,1
0.848,0.393,1
0.436,0.012,0
0.709,0.518,1
0.506,0.398,1
0.016,0.237,0
0.72,0.461,1
0.761,0.536,0
0.147,0.239,0
0.733,0.434,1
0.016,0.099,0
0.495,0.027,0
0.445,0.416,1
0.46,0.392,0
0.078,0.124,0
0.72,0.423,1
0.033,0.206,1
0.076,0.233,1
0.585,0.013,0
0.656,0.53,1
0.467,0.397,0
0.486,0.461,0
0.496,0.372,1
0.003,0.142,0
0.082,0.213,0
0.486,0.141,1
0.699,0.459,0
0.748,0.584,1
0.802,0.499,0
0.585,0.475,1
0.692,0.563,1
0.539,0.423,1
0.714,0.37,0
0.739,0.495,1
0.772,0.479,0
0.466,0.572,1
0.56,0.038,0
0.513,0.039,0
0.005,0.189,0
0.068,0.137,1
0.512,0.497,0
0.025,0.142,0
0.446,0.03,1
0.546,0.467,1
0.437,0.493,1
0.889,0.407,0
0.565,0.028,0
0.421,0.413,1
0.503,0.516,1
0.686,0.432,0
0.555,0.354,1
0.076,0.084,0
0.498,0.416,1
0.718,0.503,1
0.773,0.414,1
0.46,0.498,1
0.485,0.424,1
0.551,0.054,0
0.455,0.072,1
0.799,0.574,1
0.073,0.308,0
0.571,0.514,1
0.106,0.172,1
0.496,0.446,1
0.525,0.416,1
0.52,0.007,0
0.06,0.173,1
0.382,0.44,1
0.516,0.418,0
0.49,0.408,0
0.535,0.359,1
0.57,0.378,1
0.692,0.386,1
0.001,0.172,0
0.011,0.126,1
0.343,0.379,0
0.515,0.4,0
0.434,0.465,0
0.573,0.296,0
0.056,0.032,1
0.022,0.229,1
0.512,0.068,0
0.701,0.441,0
0.038,0.139,0
0.704,0.412,1
0.834,0.504,0
0.016,0.136,1
0.514,0.354,0
0.421,0.041,1
0.627,0.482,1
0.573,0.472,0
0.497,0.435,0
0.596,0.027,1
0.063,0.232,1
0.59,0.37,0
0.54,0.074,1
0.043,0.172,1
0.005,0.259,1
0.435,0.345,1
0.645,0.51,0
0.489,0.019,0
0.749,0.507,0
0.393,0.04,0
0.441,0.358,1
0.795,0.402,1
0.053,0.241,1
0.093,0.102,0
0.74,0.515,0
0.522,0.083,0
0.757,0.43,0
0.407,0.039,0
0.693,0.504,0
0.042,0.109,1
0.497,0.079,0
0.441,0.481,1
0.032,0.208,0
0.034,0.116,0
0.533,0.447,1
0.001,0.072,0
0.421,0.05,1
0.466,0.475,1
0.717,0.458,0
0.601,0.459,0
0.502,0.466,0
0.088,0.22,0
0.534,0.399,0
0.08,0.244,1
0.51,0.083,0
0.473,0.074,0
0.714,0.49,0
0.007,0.22,1
0.024,0.191,0
0.086,0.103,0
0.008,0.101,0
0.697,0.442,0
0.045,0.154,0
0.485,0.028,1
0.466,0.488,1
0.447,0.433,0
0,0.164,0
0.434,0.001,1
0.283,0.093,0
0.102,0.283,0
0.708,0.438,1
0.397,0.037,0
0.028,0.235,0
0.78,0.544,0
0.544,0.427,1
0.053,0.278,0
0.457,0.088,0
0.075,0.163,0
0.543,0.343,1
0.553,0.041,1
0.076,0.101,0
0.883,0.434,1
0.521,0.012,1
0.071,0.166,0
0.508,0.436,0
0.039,0.135,1
0.54,0.021,0
0.003,0.149,0
0.696,0.507,0
0.469,0.384,1
0.518,0.067,0
0.807,0.438,1
0.096,0.158,0
0.396,0.469,1
0.481,0.027,1
0.038,0.124,1
0.448,0.621,1
0.085,0.086,0
0.542,0.387,1
0.503,0.389,0
0.541,0.036,1
0.162,0.24,0
0.026,0.26,1
0.808,0.47,1
0.581,0.047,1
0.522,0.411,0
0.502,0.454,0
0.486,0.296,0
0.139,0.157,1
0.514,0.014,1
0.805,0.433,0
0.716,0.466,1
0.405,0.479,1
0.074,0.128,1
0.625,0.528,0
0.011,0.255,1
0.779,0.334,0
0.446,0.093,1
0.064,0.16,0
0.839,0.46,1
0.552,0.461,0
0.476,0.059,1
0.434,0.46,0
0.701,0.486,0
0.009,0.21,0
0.464,0.421,1
0.451,0.445,1
0.717,0.532,0
0.108,0.147,1
0.461,0.032,1
0.093,0.244,0
0.316,0.384,0
0.435,0.177,1
0.602,0.432,1
0.049,0.268,1
0.72,0.454,1
0.038,0.259,1
0.557,0.08,0
0.658,0.451,1
0.522,0.376,1
0.01,0.223,0
0.539,0.354,0
0.492,0.079,1
0.497,0.403,0
0.596,0.5,1
0.005,0.244,0
0.82,0.547,1
0.012,0.163,0
0.026,0.205,1
0.478,0.228,0
0.466,0.063,1
0.419,0.36,1
0.761,0.349,0
0.033,0.086,0
0.401,0.047,1
0.65,0.496,1
0.75,0.481,0
0.517,0.088,1
0.056,0.16,0
0.44,0.41,1
0.466,0.498,1
0.491,0.494,1
0.477,0.402,0
0.072,0.224,1
0.504,0.279,0
0.53,0.089,0
0.47,0.468,0
0.109,0.032,1
0.732,0.513,0
0.524,0.039,0
0.09,0.154,1
0.791,0.449,0
0.512,0.356,1
0.716,0.609,1
0.5,0.076,1
0.509,0.057,1
0.039,0.122,0
0.029,0.145,1
0.591,0.531,1
0.027,0.176,0
0.6,0.004,1
0.799,0.354,1
0.148,0.223,0
0.39,0.432,0
0.393,0.369,0
0.091,0.187,0
0.114,0.224,0
0.417,0.441,1
0.489,0.343,0
0.743,0.551,1
0.048,0.175,1
0.485,0.021,0
0.405,0.075,1
0.813,0.468,0
0.535,0.022,0
0.694,0.371,0
0.363,0.22,0
0.502,0.04,1
0.744,0.404,1
0.461,0.431,1
0.683,0.456,0
0.017,0.138,0
0.617,0.591,0
0.519,0.434,1
0.07,0.134,1
0.585,0.499,0
0.42,0.089,1
0.751,0.632,1
0.046,0.179,0
0.114,0.07,1
0.733,0.493,1
0.51,0.03,0
0.056,0.141,0
0.058,0.125,0
0.716,0.605,1
0.496,0.413,0
0.436,0.525,0
0.662,0.346,1
0.581,0.405,0
0.001,0.247,0
0.731,0.484,0
0.465,0.04,0
0.422,0.488,1
0.552,0.441,0
0.758,0.494,1
0.748,0.513,0
0.53,0.381,0
0.086,0.263,0
0.531,0.065,1
0.005,0.297,0
0.438,0.489,1
0.014,0.189,1
0.696,0.427,1
0.765,0.376,1
0.075,0.185,1
0.139,0.2,1
0.572,0.118,0
0.099,0.081,0
0.407,0.39,0
0.549,0.349,1
0.001,0.167,1
0.7,0.458,0
0.016,0.223,0
0.711,0.445,0
0.799,0.482,0
0.447,0.005,1
0.481,0.401,0
0.468,0.468,1
0.488,0.018,0
0.478,0.502,0
0.045,0.168,0
0.541,0.055,1
0.431,0.048,1
0.697,0.499,0
0.463,0.068,1
0.556,0.023,0
0.79,0.433,1
0.027,0.26,0
0.444,0.109,1
0.466,0.428,1
0.478,0.407,1
0.458,0.038,1
0.735,0.554,0
0.055,0.108,0
0.395,0.132,1
0.456,0.416,1
0.352,0.009,0
0.675,0.437,1
0.784,0.38,1
0.497,0.365,1
0.041,0.133,0
0.676,0.509,1
0.455,0.403,1
0.515,0.428,0
0.516,0.03,1
0.543,0.007,0
0.782,0.446,1
0.662,0.54,1
0.019,0.083,1
0.524,0.578,1
0.645,0.387,1
0.741,0.428,1
0.649,0.342,0
0.009,0.256,1
0.516,0.474,1
0.535,0.318,1
0.671,0.509,0
0.081,0.149,0
0.694,0.455,1
0.039,0.079,1
0.746,0.528,1
0.392,0.021,0
0.714,0.524,0
0.043,0.11,1
0.545,0.459,1
0.484,0.036,1
0.446,0.416,1
0.476,0.019,0
0.595,0.39,0
0.524,0.37,1
0.874,0.493,1
0.064,0.263,1
0.63,0.419,0
0.514,0.016,1
0.753,0.378,1
0.448,0.4,1
0.481,0.345,1
0.506,0.086,1
0.744,0.388,0
0.395,0.455,0
0.521,0.441,0
0.455,0.111,1
0.549,0.118,0
0.616,0.466,0
0.456,0.015,1
0.455,0.455,0
0.698,0.399,0
0.484,0.533,0
0.525,0.062,1
0.101,0.223,1
0.062,0.157,0
0.738,0.486,0
0.477,0.393,0
0.622,0.007,0
0.026,0.064,1
0.542,0.38,1
0.563,0.043,1
0.505,0.038,1
0.444,0.025,1
0.717,0.408,1
0.429,0.014,0
0.468,0.132,0
0.646,0.433,0
0.63,0.502,1
0.032,0.096,0
0.04,0.226,0
0.477,0.009,1
0.518,0.396,0
0.541,0.067,1
0.464,0.082,0
0.764,0.42,0
0.677,0.504,0
0.518,0.055,0
0.014,0.242,0
0.09,0.266,1
0.052,0.129,0
0.454,0.105,1
0.46,0.011,1
0.493,0.411,0
0.016,0.227,1
0.743,0.526,1
0.461,0.127,1
0.427,0.066,0
0.632,0.529,0
0.47,0.022,1
0.528,0.095,1
0.096,0.191,0
0.535,0.103,1
0.612,0.045,1
0.068,0.189,0
0.042,0.196,0
0.6,0.023,0
0.428,0.497,0
0.411,0.471,0
0.842,0.426,0
0.81,0.609,1
0.05,0.182,1
0.464,0.369,1
0.557,0.493,0
0.691,0.475,1
0.405,0.044,1
0.643,0.032,0
0.754,0.488,1
0.764,0.575,0
0.58,0.013,1
0.074,0.137,1
0.717,0.383,1
0.069,0.152,1
0.626,0.529,0
0.031,0.229,1
0.44,0.031,1
0.752,0.498,0
0.487,0.504,1
0.004,0.145,1
0.056,0.156,1
0.783,0.366,0
0.511,0.005,1
0.04,0.132,0
0.344,0.397,0
0.448,0.112,1
0.531,0.097,0
0.742,0.522,0
0.019,0.182,1
0.416,0.016,1
0.548,0.053,1
0.736,0.386,1
0.507,0.022,0
0.428,0.357,0
0.503,0.336,1
0.539,0.007,0
0.466,0.399,1
0.061,0.222,0
0.066,0.144,0
0.001,0.263,1
0.514,0.413,0
0.448,0.019,1
0.768,0.475,0
0.609,0.355,0
0.48,0.493,0
0.001,0.126,0
0.706,0.414,1
0.586,0.046,0
0.574,0.341,1
0.523,0.395,0
0.018,0.22,0
0.017,0.243,0
0.425,0.07,1
0.122,0.164,1
0.002,0.226,0
0.383,0.369,1
0.473,0.035,1
0.848,0.453,1
0.537,0.402,1
0.078,0.146,1
0.426,0.058,0
0.067,0.211,1
0.089,0.195,1
0.462,0.066,0
0.526,0.508,1
0.005,0.13,0
0.742,0.442,1
0.097,0.038,0
0.072,0.202,0
0.494,0.003,0
0.449,0.001,1
0.734,0.44,0
0.741,0.564,1
0.497,0.482,1
0.413,0.014,1
0.577,0.506,0
0.458,0.545,0
0.754,0.451,1
0.655,0.464,1
0.738,0.461,1
0.702,0.422,0
0.731,0.509,0
0.513,0.059,0
0.446,0.418,0
0.651,0.394,0
0.44,0.061,0
0.801,0.525,0
0.487,0.447,1
0.438,0.404,0
0.657,0.501,1
0.005,0.154,1
0.509,0.088,1
0.039,0.244,1
0.548,0.498,0
0.501,0.339,1
0.014,0.223,1
0.519,0.403,1
0.451,0.012,1
0.494,0.028,0
0.731,0.404,0
0.721,0.555,1
0.021,0.186,1
0.72,0.428,1
0.02,0.22,1
0.752,0.514,0
0.088,0.097,1
0.717,0.542,0
0.432,0.452,1
0.469,0.337,1
0.476,0.419,0
0.514,0.016,0
0.505,0.052,1
0.014,0.204,1
0.496,0.004,0
0.735,0.384,0
0.613,0.385,0
0.756,0.465,0
0.052,0.156,0
0.697,0.384,0
0.05,0.138,1
0.524,0.043,1
0.544,0.469,0
0.481,0.036,0
0.728,0.518,0
0.824,0.543,0
0.535,0.424,1
0.021,0.076,1
0.037,0.111,0
0.519,0.005,1
0.715,0.523,0
0.479,0.446,0
0.09,0.219,0
0.55,0.03,0
0.577,0.409,0
0.05,0.093,1
0.558,0.085,1
0.441,0.454,1
0.609,0.039,0
0.741,0.416,0
0.518,0.017,1
0.131,0.183,1
0.014,0.099,0
0.458,0.076,0
0.747,0.47,0
0.394,0.381,0
0.475,0.039,0
0.053,0.222,1
0.517,0.075,1
0.552,0.461,1
0.429,0.012,1
0.718,0.417,0
0.19,0.146,1
0.514,0.084,0
0.545,0.482,1
0.03,0.243,1
0.581,0.418,0
0.022,0.229,1
0.112,0.164,0
0.051,0.163,0
0.034,0.128,1
0.462,0.085,1
0.725,0.37,1
0.464,0.48,0
0.528,0.051,1
0.497,0.028,1
0.703,0.422,1
0.655,0.42,0
0.117,0.17,1
0.029,0.123,0
0.074,0.21,1
0.772,0.421,0
0.452,0.49,0
0.615,0.475,1
0.604,0.501,1
0.485,0.068,0
0.517,0.054,1
0.425,0.416,1
0.41,0.419,0
0.079,0.198,0
0.593,0.036,1
0.543,0.458,1
0.016,0.202,1
0.061,0.218,1
0.708,0.553,0
0.771,0.441,0
0.463,0.001,0
0.749,0.451,0
0.463,0.01,1
0.483,0.045,1
0.496,0.378,1
0.744,0.469,1
0.703,0.497,1
0.444,0.436,1
0.057,0.143,1
0.466,0.398,0
0.031,0.029,0
0.033,0.298,1
0.453,0.035,0
0.029,0.221,1
0.476,0.085,1
0.431,0.543,0
0.592,0.377,0
0.458,0.08,0
0.095,0.169,1
0.51,0,1
0.076,0.213,0
0.536,0.047,1
0.516,0.045,0
0,0.295,0
0.445,0.42,0
0.526,0.071,0
0.558,0.018,0
0.02,0.17,1
0.527,0.438,0
0.364,0.254,1
0.664,0.528,0
0.104,0.158,1
0.029,0.021,1
0.491,0.497,1
0.604,0.008,1
0.022,0.178,0
0.374,0.045,1
0.476,0.083,1
0.517,0.015,1
0.025,0.249,1
0.535,0.074,0
0.392,0.392,1
0.521,0.199,1
0.429,0.411,0
0.049,0.205,0
0.397,0.506,1
0.061,0.156,0
0.66,0.399,1
0.449,0.036,0
0.112,0.155,0
0.003,0.182,0
0.02,0.182,0
0.494,0.075,1
0.479,0.003,1
0.046,0.095,0
0.438,0.326,1
0.795,0.449,1
0.737,0.459,0
0.469,0.047,0
0.408,0.473,1
0.073,0.202,1
0.402,0.022,0
0.002,0.27,0
0.312,0.042,0
0.465,0.399,1
0.105,0.205,1
0.802,0.429,1
0.46,0.372,0
0.734,0.394,0
0.732,0.419,1
0.491,0.424,0
0.09,0.215,1
0.645,0.505,0
0.451,0.408,1
0.149,0.182,0
0.658,0.359,0
0.043,0.248,1
0.128,0.064,1
0.021,0.159,0
0.013,0.123,0
0.49,0.054,1
0.114,0.215,1
0.566,0.362,1
0.446,0.461,1
0.649,0.413,0
0.423,0.161,1
0.521,0.425,0
0.04,0.039,0
0.599,0.483,0
0.697,0.479,1
0.461,0.433,1
0.024,0.113,0
0.063,0.257,1
0.457,0.458,1
0.718,0.409,1
0.028,0.236,0
0.035,0.328,0
0.835,0.496,1
0.755,0.467,0
0.771,0.386,1
0.414,0.407,0
0.672,0.511,0
0.666,0.39,0
0.075,0.158,1
0.023,0.168,0
0.7,0.539,1
0.515,0.054,0
0.737,0.592,1
0.751,0.472,0
0.429,0.434,1
0.823,0.52,0
0.454,0.016,0
0.728,0.444,1
0.02,0.289,1
0.487,0.517,1
0.583,0.391,0
0.476,0.433,0
0.793,0.418,0
0.694,0.519,0
0.478,0.469,1
0.479,0.417,1
0.486,0.005,0
0.507,0.441,1
0.71,0.386,1
0.082,0.194,0
0.502,0.026,1
0.487,0.331,1
0.566,0.018,1
0.856,0.499,0
0.096,0.191,1
0.789,0.477,1
0.628,0.495,1
0.502,0.078,0
0.774,0.35,1
0.505,0.416,1
0.022,0.169,1
0.52,0.028,0
0.622,0.463,0
0.448,0.501,0
0.543,0.553,1
0.773,0.397,1
0.437,0.015,0
0.759,0.543,1
0.022,0.164,1
0.429,0.079,1
0.026,0.165,1
0.487,0.373,1
0.459,0.091,1
0.804,0.546,1
0.529,0.014,1
0.412,0.307,1
0.494,0.06,0
0.083,0.121,0
0.464,0.066,0
0.012,0.151,0
0.364,0.463,0
0.419,0.074,0
0.392,0.386,0
0.047,0.165,1
0.051,0.302,1
0.494,0.412,0
0.506,0.055,1
0.04,0.075,0
0.641,0.428,0
0.539,0.048,1
0.363,0.293,0
0.536,0.012,0
0.494,0.035,1
0.763,0.39,0
0.455,0.551,1
0.455,0.493,1
0.713,0.425,0
0.461,0.062,0
0.384,0.491,1
0.453,0.059,1
0.735,0.421,1
0.431,0.025,1
0.705,0.404,0
0.447,0.013,1
0.487,0.431,0
0.456,0.378,1
0.55,0.486,1
0.434,0.073,1
0.581,0.421,0
0.475,0.445,1
0.043,0.121,1
0.64,0.527,0
0.486,0.019,1
0.463,0.025,1
0.002,0.114,0
0.7,0.347,0
0.005,0.253,0
0.488,0.481,0
0.01,0.176,0
0.478,0.501,1
0.491,0.492,0
0.422,0.081,0
0.047,0.275,0
0.751,0.437,0
0.038,0.205,0
0.044,0.13,1
0.574,0.355,1
0.687,0.442,0
0.748,0.379,0
0.544,0.351,0
0.723,0.294,1
0.491,0.413,1
0.437,0.061,0
0.83,0.511,1
0.453,0.028,1
0.5,0.406,0
0.093,0.259,1
0.404,0.306,1
0.744,0.423,0
0.551,0.451,1
0.01,0.158,1
0.795,0.456,1
0.022,0.228,0
0.404,0.427,1
0.546,0.053,1
0.781,0.496,0
0.066,0.134,0
0.747,0.45,0
0.454,0.037,0
0.014,0.188,1
0.543,0.506,0
0.032,0.184,1
0.413,0.365,1
0.067,0.111,0
0.494,0.028,0
0.647,0.426,1
0.042,0.14,0
0.46,0.494,1
0.547,0.065,0
0.401,0.03,1
0.541,0.027,1
0.029,0.214,1
0.031,0.189,1
0.018,0.265,0
0.043,0.236,0
0.07,0.17,0
0.585,0.025,1
0.075,0.178,1
0.042,0.216,1
0.791,0.596,1
0.145,0.092,0
0.02,0.113,0
0.75,0.466,0
0.572,0.486,1
0.741,0.523,0
0.461,0.01,1
0.47,0.03,0
0.103,0.237,1
0.028,0.267,0
0.445,0.044,0
0.127,0.209,1
0.413,0.048,1
0.835,0.461,0
0.024,0.136,1
0.091,0.228,1
0.65,0.428,0
0.527,0.081,1
0.73,0.346,0
0.008,0.194,1
0.015,0.332,0
0.738,0.432,1
0.74,0.458,0
0.716,0.516,1
0.508,0.338,1
0.557,0.582,0
0.526,0.345,0
0.05,0.134,1
0.582,0.361,0
0.469,0.044,1
0.017,0.194,0
0.09,0.222,1
0.718,0.511,1
0.785,0.388,0
0.711,0.496,0
0.467,0.438,0
0.661,0.475,1
0.002,0.226,0
0.43,0.448,0
0.526,0.351,1
0.419,0.086,0
0.728,0.507,1
0.707,0.509,1
0.723,0.359,1
0.564,0.022,0
0.77,0.446,0
0.793,0.559,1
0.556,0.41,0
0.733,0.481,1
0.294,0.074,0
0.768,0.409,0
0.704,0.381,1
0.507,0.371,1
0.769,0.348,0
0.455,0.393,0
0.505,0.045,1
0.529,0.375,1
0.341,0.306,1
0.061,0.216,0
0.761,0.537,1
0.103,0.246,1
0.41,0.044,0
0.009,0.138,1
0.546,0.11,1
0.539,0.369,0
0.433,0.379,0
0.436,0.435,0
0.689,0.436,1
0.753,0.506,1
0.749,0.446,1
0.47,0.33,0
0.719,0.404,0
0.689,0.433,0
0.545,0.008,0
0.561,0.5,1
0.709,0.51,1
0.725,0.448,1
0.533,0.435,0
0.603,0.062,0
0.508,0.347,1
0.751,0.465,0
0.556,0.332,0
0.026,0.22,1
0.523,0.383,0
0.731,0.428,0
0.518,0.036,0
0.007,0.157,0
0.833,0.494,1
0.543,0.047,0
0.62,0.009,0
0.421,0.08,1
0.496,0.077,1
0.457,0.291,0
0.432,0.026,0
0.036,0.107,1
0.46,0.077,0
0.488,0.049,1
0.45,0.071,1
0.537,0.087,1
0.515,0.455,1
0.521,0.01,1
0.564,0.472,1
0.571,0.071,0
0.391,0.392,0
0.667,0.489,0
0.613,0.461,0
0.595,0.08,1
0.406,0.046,1
0,0.122,0
0.699,0.59,0
0.843,0.504,1
0.713,0.467,0
0.072,0.198,0
0.737,0.514,0
0.729,0.481,0
0.451,0.027,0
0.421,0.484,0
0.39,0.426,1
0.463,0.117,0
0.004,0.259,0
0.785,0.45,1
0.433,0.078,0
0.428,0.037,1
0.533,0.023,1
0.408,0.018,1
0.457,0.021,0
0.072,0.173,1
0.686,0.479,0
0.735,0.465,0
0.068,0.114,0
0.831,0.479,1
0.394,0.022,1
0.056,0.244,1
0.435,0.445,1
0.383,0.033,1
0.471,0.381,1
0.478,0.025,0
0.712,0.455,0
0.439,0.386,0
0.789,0.471,1
0.54,0.005,1
0.02,0.198,0
0.45,0.081,1
0.067,0.278,1
0.015,0.133,1
0.465,0.553,0
0.4,0.076,0
0.089,0.165,1
0.063,0.13,1
0.218,0.205,0
0.799,0.477,1
0.453,0.035,1
0.529,0.273,1
0.732,0.423,0
0.026,0.095,0
0.728,0.463,1
0.488,0.445,1
0.029,0.223,1
0.739,0.409,0
0.81,0.41,1
0.54,0.438,1
0.07,0.227,0
0.468,0.015,1
0.514,0.388,0
0.113,0.145,0
0.322,0.035,1
0.693,0.514,0
0.576,0.347,1
0.412,0.283,0
0.049,0.16,0
0.577,0.02,0
0.513,0.055,1
0.516,0.331,1
0.714,0.353,1
0.773,0.505,0
0.488,0.331,0
0.537,0.079,1
0.492,0.025,1
0.56,0.507,1
0.451,0.034,0
0.476,0.48,1
0.046,0.25,0
0.361,0.088,0
0.491,0.063,1
0.022,0.19,1
0.061,0.181,1
0.811,0.502,1
0.466,0.41,1
0.686,0.466,0
0.572,0.16,0
0.477,0.517,1
0.128,0.177,1
0.509,0.075,0
0.023,0.272,0
0.446,0.527,0
0.549,0.378,0
0.715,0.472,1
0.443,0.066,0
0.449,0.004,1
0.363,0.02,0
0.488,0.063,1
0.703,0.398,1
0.445,0.004,1
0.474,0.042,1
0.023,0.22,0
0.443,0.109,0
0.052,0.18,0
0.762,0.332,1
0.036,0.094,0
0.829,0.541,0
0.534,0.354,0
0.624,0.021,1
0.824,0.583,1
0.069,0.133,1
0.684,0.449,1
0.83,0.528,1
0.041,0.199,0
0.514,0.456,0
0.44,0.394,1
0.481,0.003,1
0.747,0.512,0
0.483,0.133,0
0.416,0.455,0
0.724,0.524,0
0.552,0.051,1
0.095,0.273,1
0.537,0.458,0
0.019,0.266,0
0.047,0.166,0
0.6,0.392,0
0.408,0.054,0
0.132,0.19,0
0.369,0.09,1
0.501,0.383,1
0.501,0.489,0
0.571,0.008,1
0.033,0.232,0
0.081,0.184,0
0.013,0.125,0
0.465,0.416,1
0.45,0.366,1
0.493,0.009,0
0.699,0.522,0
0.48,0.398,1
0.568,0.413,1
0.025,0.237,0
0.551,0.035,1
0.409,0.13,1
0.461,0.01,1
0.758,0.386,0
0.041,0.188,1
0.734,0.447,1
0.683,0.455,0
0.521,0.004,0
0.419,0.055,1
0.395,0.4,1
0.486,0.074,0
0.521,0.117,0
0.108,0.182,1
0.431,0.097,0
0.507,0.411,1
0.648,0.013,0
0.446,0.032,0
0.477,0.487,0
0.507,0.409,0
0.577,0.041,1
0.009,0.14,0
0.483,0.389,1
0.567,0.447,0
0.56,0.003,1
0.059,0.173,1
0.526,0.388,1
0.475,0.406,1
0.381,0.038,0
0.483,0.396,1
0.497,0.101,0
0.495,0.365,0
0.429,0.305,1
0.703,0.476,1
0.063,0.169,0
0.521,0.417,1
0.523,0.022,0
0.634,0.577,1
0.469,0.044,1
0.433,0.471,0
0.571,0.013,1
0.546,0.038,1
0.361,0.411,0
0.576,0.351,1
0.767,0.379,1
0.029,0.232,0
0.676,0.368,0
0.458,0.411,1
0.463,0.442,1
0.49,0.505,0
0.019,0.086,0
0.476,0.415,0
0.076,0.087,1
0.663,0.486,0
0.511,0.47,1
0.543,0.401,0
0.49,0.405,0
0.448,0.047,0
0.009,0.127,1
0.825,0.368,0
0.393,0.071,1
0.502,0.376,1
0.572,0.494,1
0,0.211,0
0.478,0.006,1
0.795,0.545,1
0.679,0.41,0
0.081,0.153,0
0.465,0.031,1
0.153,0.113,1
0.776,0.42,0
0.512,0.032,0
0.449,0.005,0
0.615,0.427,1
0.044,0.244,0
0.465,0.503,1
0.455,0.473,1
0.361,0.034,0
0.46,0.415,0
0.553,0.399,0
0.471,0.006,0
0.003,0.134,0
0.608,0.467,1
0.574,0.42,0
0.701,0.471,0
0.479,0.422,0
0.494,0.001,0
0.592,0.394,1
0.419,0.457,0
0.469,0.032,1
0.439,0.038,0
0.378,0.043,0
0.736,0.376,0
0.039,0.162,1
0.605,0.437,0
0.457,0.38,1
0.646,0.406,0
0.637,0.523,1
0.351,0.464,0
0.373,0.026,0
0.527,0.1,0
0.576,0.007,1
0.706,0.442,0
0.521,0.009,1
0.012,0.19,0
0.715,0.541,1
0.697,0.443,0
0.518,0.435,1
0.471,0.313,1
0.511,0.461,0
0.047,0.142,0
0.505,0.037,0
0.507,0.033,0
0.002,0.157,1
0.635,0.027,0
0.691,0.484,1
0.074,0.207,1
0.614,0.396,0
0.058,0.236,0
0.505,0.155,0
0.051,0.224,0
0.634,0.432,1
0.462,0.43,0
0.003,0.196,1
0.643,0.412,0
0.743,0.469,0
0.7,0.412,0
0.553,0.037,0
0.725,0.53,1
0.844,0.502,0
0.013,0.238,0
0.483,0.34,1
0.602,0.374,1
0.404,0.368,0
0.523,0.426,0
0.533,0.405,0
0.405,0.379,1
0.034,0.192,0
0.671,0.504,0
0.095,0.201,0
0.565,0.001,0
0.428,0.02,1
0.734,0.453,0
0.014,0.1,0
0.007,0.287,1
0.681,0.42,0
0.453,0.014,1
0.009,0.111,1
0.038,0.342,1
0.428,0.063,0
0.01,0.151,0
0.492,0.018,0
0.611,0.467,1
0.05,0.191,0
0.545,0.347,1
0.621,0.472,1
0.47,0.065,0
0.792,0.398,1
0.15,0.171,1
0.049,0.136,1
0.038,0.111,1
0.586,0.46,1
0.12,0.204,1
0.533,0.025,0
0.689,0.444,1
0.473,0.471,0
0.022,0.225,1
0.526,0.051,1
0.059,0.257,0
0.43,0.368,1
0.744,0.496,0
0.531,0.115,0
0.772,0.475,1
0.555,0.422,1
0.759,0.53,0
0.742,0.545,0
0.461,0.02,0
0.557,0.525,1
0.056,0.115,0
0.033,0.148,0
0.819,0.526,1
0.737,0.343,0
0.041,0.268,1
0.441,0.061,1
0.021,0.114,1
0.106,0.169,1
0.116,0.273,1
0.029,0.202,1
0.004,0.247,0
0.707,0.477,0
0.518,0.049,0
0.442,0.017,0
0.567,0.362,1
0.065,0.204,1
0.657,0.533,1
0.004,0.133,1
0.427,0.061,1
0.112,0.157,1
0.761,0.543,1
0.01,0.252,0
0.079,0.275,0
0.801,0.506,0
0.504,0.06,0
0.702,0.383,1
0.516,0.422,1
0.427,0.475,0
0.484,0.45,1
0.68,0.535,1
0.747,0.483,0
0.702,0.403,1
0.789,0.467,1
0.552,0.028,0
0.402,0.448,1
0.801,0.467,0
0.628,0.318,1
0.511,0.461,0
0.474,0.002,1
0.074,0.133,1
0.005,0.13,0
0.498,0.416,0
0.468,0.039,1
0.044,0.141,1
0.018,0.282,1
0.444,0.025,0
0.554,0.024,0
0.681,0.496,1
0.545,0.083,1
0.724,0.411,0
0.539,0.051,0
0.76,0.389,0
0.786,0.465,0
0.452,0.016,1
0.511,0.574,0
0.544,0.087,0
0.43,0.066,0
0.761,0.501,0
0.73,0.487,1
0.106,0.154,1
0.023,0.183,1
0.753,0.344,1
0.447,0.08,0
0.496,0.093,1
0.709,0.442,0
0.388,0.005,0
0.042,0.273,0
0.788,0.474,0
0.688,0.321,0
0.802,0.613,0
0.085,0.226,1
0.004,0.197,0
0.046,0.15,0
0.779,0.385,0
0.816,0.528,0
0.604,0.071,0
0.552,0.418,1
0.022,0.138,1
0.654,0.438,0
0.421,0.095,1
0.071,0.168,1
0.69,0.525,1
0.43,0.435,1
0.721,0.447,1
0.501,0.391,1
0.596,0.436,0
0.72,0.573,1
0.784,0.614,0
0.581,0.443,1
0.396,0.503,0
0.649,0.448,0
0.501,0.512,1
0.044,0.317,1
0.544,0.424,0
0.448,0.051,0
0.127,0.28,1
0.052,0.236,0
0.665,0.449,0
0.528,0.408,1
0.727,0.355,0
0.041,0.16,1
0.063,0.125,1
0.007,0.128,0
0.729,0.496,1
0.421,0.484,0
0.061,0.278,1
0.464,0.436,0
0.497,0.091,1
0.141,0.277,0
0.55,0.384,1
0.417,0.147,0
0.497,0.424,1
0.464,0.075,0
0.644,0.446,0
0.844,0.38,1
0.114,0.201,1
0.579,0.453,1
0.03,0.23,0
0.007,0.143,0
0.445,0.043,0
0.632,0.402,0
0.052,0.234,0
0.526,0.007,0
0.113,0.167,0
0.006,0.12,0
0.469,0.043,1
0.449,0.438,0
0.701,0.448,0
0.557,0.001,1
0.443,0.041,0
0.445,0.321,1
0.541,0.091,0
0.528,0.058,0
0.351,0.074,1
0.715,0.546,0
0.059,0.233,0
0.75,0.489,0
0.47,0.006,0
0.454,0.042,0
0.809,0.484,0
0.003,0.085,0
0.712,0.494,1
0.754,0.437,0
